org_group,mthd_group,busiDivs,sample_count,fail_rate,fail_rate_pct
1. 육군계열,2단계경쟁(동시),물품,146,0.19863013698630136,19.86%
1. 육군계열,2단계경쟁(동시),용역,164,0.2073170731707317,20.73%
1. 육군계열,일반경쟁,물품,1240,0.16451612903225807,16.45%
1. 육군계열,일반경쟁,용역,379,0.21899736147757257,21.9%
1. 육군계열,제한경쟁,물품,8110,0.188039457459926,18.8%
1. 육군계열,제한경쟁,용역,920,0.2391304347826087,23.91%
1. 육군계열,협상에의한계약(전자),물품,23,0.2608695652173913,26.09%
1. 육군계열,협상에의한계약(전자),용역,59,0.2711864406779661,27.12%
2. 공군계열,2단계경쟁(동시),물품,21,0.42857142857142855,42.86%
2. 공군계열,2단계경쟁(동시),용역,40,0.375,37.5%
2. 공군계열,일반경쟁,물품,62,0.1774193548387097,17.74%
2. 공군계열,일반경쟁,용역,43,0.23255813953488372,23.26%
2. 공군계열,제한경쟁,물품,247,0.18218623481781376,18.22%
2. 공군계열,제한경쟁,용역,108,0.16666666666666666,16.67%
2. 공군계열,협상에의한계약(전자),용역,13,0.46153846153846156,46.15%
3. 해군/해병대계열,2단계경쟁(동시),용역,56,0.16071428571428573,16.07%
3. 해군/해병대계열,일반경쟁,물품,19,0.15789473684210525,15.79%
3. 해군/해병대계열,제한경쟁,물품,284,0.028169014084507043,2.82%
3. 해군/해병대계열,제한경쟁,용역,25,0.08,8.0%
4. 국방부직할/합동,일반경쟁,물품,37,0.10810810810810811,10.81%
4. 국방부직할/합동,일반경쟁,용역,26,0.2692307692307692,26.92%
4. 국방부직할/합동,제한경쟁,물품,55,0.05454545454545454,5.45%
4. 국방부직할/합동,제한경쟁,용역,17,0.058823529411764705,5.88%
4. 국방부직할/합동,협상에의한계약(전자),용역,165,0.2606060606060606,26.06%
기타계열,2단계경쟁(동시),물품,269,0.08550185873605948,8.55%
기타계열,2단계경쟁(동시),용역,153,0.13071895424836602,13.07%
기타계열,일반경쟁,물품,2441,0.1356001638672675,13.56%
기타계열,일반경쟁,용역,705,0.15319148936170213,15.32%
기타계열,제한경쟁,물품,3639,0.1236603462489695,12.37%
기타계열,제한경쟁,용역,1189,0.1312026913372582,13.12%
기타계열,지명경쟁,물품,63,0.09523809523809523,9.52%
기타계열,협상에의한계약(서류),물품,66,0.045454545454545456,4.55%
기타계열,협상에의한계약(서류),용역,18,0.0,0.0%
기타계열,협상에의한계약(전자),물품,76,0.07894736842105263,7.89%
기타계열,협상에의한계약(전자),용역,252,0.051587301587301584,5.16%
